{
    "format": "shader-composer-node-graph",
    "formatVersion": "2.0",
    "graph": {
      "id": "graph-1774034473062-k7yyy5hp3",
      "name": "New",
      "version": "2.0",
      "nodes": [
        {
          "id": "node-1774034473062-11slpn58q",
          "type": "uv-coordinates",
          "position": {
            "x": -1840,
            "y": -463
          },
          "parameters": {}
        },
        {
          "id": "node-1774034473062-p8p1ltry7",
          "type": "orbit-camera",
          "position": {
            "x": -520,
            "y": -61
          },
          "parameters": {
            "orbitRadius": 3.6,
            "orbitSpeed": 0.05,
            "targetX": 0,
            "targetY": 0,
            "targetZ": -1.7999999999999998,
            "inclination": 0.7300000000000002,
            "fovScale": 0.95
          }
        },
        {
          "id": "node-1774034473062-m2uffp9ji",
          "type": "glass-shell",
          "position": {
            "x": 1013,
            "y": -431
          },
          "parameters": {
            "outerShape": 0,
            "innerShape": 2,
            "ior": 1.44,
            "outerSize": 1.8000000000000003,
            "innerSize": 0.4,
            "innerCenterX": 0.15000000000000013,
            "innerCenterY": -0.08,
            "innerCenterZ": 0.18,
            "innerBlendK": 0.9600000000000001,
            "outerSpecularStr": 2,
            "specularRoughness": 0.34,
            "specularF0": 0.22,
            "lightDirX": 0.20999999999999996,
            "lightDirY": 0.85,
            "lightDirZ": 0.08000000000000007,
            "lightIntensity": 1.53,
            "ambient": 0.45,
            "innerColorR": 0.25,
            "innerColorG": 0.72,
            "innerColorB": 1,
            "bgR": 0.08,
            "bgG": 0.1,
            "bgB": 0.18,
            "cameraRoX": 0,
            "cameraRoY": 0,
            "cameraRoZ": 2.8,
            "outerSteps": 60,
            "innerSteps": 35,
            "outerCenterX": -0.09999999999999987,
            "outerCenterY": -0.19999999999999996,
            "outerCenterZ": -0.09999999999999987,
            "specularCookTorrance": 1
          }
        },
        {
          "id": "node-1774034473062-n3kyve8kh",
          "type": "final-output",
          "position": {
            "x": 2529,
            "y": -395
          },
          "parameters": {}
        }
      ],
      "connections": [
        {
          "id": "conn-1774034473062-x8en8mbei",
          "sourceNodeId": "node-1774034473062-11slpn58q",
          "sourcePort": "out",
          "targetNodeId": "node-1774034473062-m2uffp9ji",
          "targetPort": "in"
        },
        {
          "id": "conn-1774034473062-n1pf1iczl",
          "sourceNodeId": "node-1774034473062-m2uffp9ji",
          "sourcePort": "out",
          "targetNodeId": "node-1774034473062-n3kyve8kh",
          "targetPort": "in"
        },
        {
          "id": "conn-1774034478311-di7m1g1kc",
          "sourceNodeId": "node-1774034473062-p8p1ltry7",
          "sourcePort": "ro",
          "targetNodeId": "node-1774034473062-m2uffp9ji",
          "targetPort": "ro"
        },
        {
          "id": "conn-1774034480771-yte4dex3z",
          "sourceNodeId": "node-1774034473062-p8p1ltry7",
          "sourcePort": "rd",
          "targetNodeId": "node-1774034473062-m2uffp9ji",
          "targetPort": "rd"
        },
        {
          "id": "conn-1774034752780-gw5c8vi6x",
          "sourceNodeId": "node-1774034473062-11slpn58q",
          "sourcePort": "out",
          "targetNodeId": "node-1774034473062-p8p1ltry7",
          "targetPort": "in"
        }
      ],
      "viewState": {
        "zoom": 0.15673091090949715,
        "panX": 567.4181676152431,
        "panY": 603.8212797496794,
        "selectedNodeIds": []
      },
      "automation": {
        "bpm": 120,
        "durationSeconds": 30,
        "lanes": []
      }
    },
    "audioSetup": {
      "files": [
        {
          "id": "file-new-billie",
          "name": "seb - music xcx",
          "filePath": "seb - music xcx.mp3",
          "autoPlay": true
        }
      ],
      "bands": [],
      "remappers": []
    }
  }